{
    "instance_name": "apriltag_detector",
    "interval_ms": 30,
	"service_type": "processor_apriltag_detector",
    "camera_resolution": [1280, 720],
    "camera_params": [1111.67165, 1112.40929, 643.010899, 354.325008],
    "dist_params": [0.208289234, -0.554275524, -0.00345210226, -0.000257933517, 0.356608815],
    "apriltag_family": "tag36h11",
    "apriltag_locations": 
        {
         "0":  [[ 1,  0,  0,  0.0000], 
                [ 0,  0,  1,  0.0000], 
                [ 0, -1,  0,  0.0000], 
                [ 0,  0,  0,  1.0000]],
         "6":  [[ 0,  0, -1,  3.4480], 
                [ 0,  1,  0,  1.5200], 
                [ 1,  0,  0,  0.5920], 
                [ 0,  0,  0,  1.0000]],
         "7":  [[ 0,  0, -1,  3.4480], 
                [ 0,  1,  0,  1.5650], 
                [ 1,  0,  0, -1.2410], 
                [ 0,  0,  0,  1.0000]],
         "8":  [[ 1,  0,  0,  2.4360], 
                [ 0,  1,  0,  1.2600], 
                [ 0,  0,  1, -3.6250], 
                [ 0,  0,  0,  1.0000]],
         "9":  [[ 1,  0,  0,  0.5680], 
                [ 0,  1,  0,  1.6760], 
                [ 0,  0,  1, -3.7150], 
                [ 0,  0,  0,  1.0000]],
         "10": [[ 0,  0,  1, -2.7680], 
                [ 0,  1,  0,  1.6450], 
                [-1,  0,  0, -1.9610], 
                [ 0,  0,  0,  1.0000]],
         "11": [[-1,  0,  0, -0.1550], 
                [ 0,  1,  0,  1.5490], 
                [ 0,  0, -1,  2.4000], 
                [ 0,  0,  0,  1.0000]]
        }
}

